ec_number	enzyme_name	organism	sequence	optimal_temp	organism_ogt	ph_optimum	source	thermostability_category
1.1.1.1	Alcohol dehydrogenase	Streptococcus pneumoniae	MSIPETQKGVIFYESHGKLEYKDIPVPKPKANELLINVKYSGVCHTDLHAWHGDWPLPVKLPLVGGHEGAGVVVGMGENVKGWKIGDYAGIKGLNLKLQYEDLKDHDVLLVVGAGPIGLYTLRQAKGVKTLLNVGGDEHGTHVPIYEGYALPHAILRLDLAGRDLTDYLMKILTERGYSFTTTAEREIVRDIKEKLCYVALDFEQEMATAASSSSLEK	30.5	37	8.9	BRENDA	mesophilic
1.1.1.27	L-lactate dehydrogenase	Escherichia coli	MKKLVLSLSLVLAFSSATAAFAAAPVNTTTEDETAQIPAEAVIGYSDLEGDFDVAVLPFSNSTNNGLLFINTTIASIAAKEEGVSLDKREAEA	28.4	37	8.4	BRENDA	mesophilic
1.1.1.37	Malate dehydrogenase	Escherichia coli	MSIPETQKGVIFYESHGKLEYKDIPVPKPKANELLINVKYSGVCHTDLHAWHGDWPLPVKLPLVGGHEGAGVVVGMGENVKGWKIGDYAGIKGLNLKLQYEDLKDHDVLLVVGAGPIGLYTLRQAKGVKTLLNVGGDEHGTHVPIYEGYALPHAILRLDLAGRDLTDYLMKILTERGYSFTTTAEREIVRDIKEKLCYVALDFEQEMATAASSSSLEK	51.2	37	8.8	BRENDA	mesophilic
1.1.1.42	Isocitrate dehydrogenase	Methanocaldococcus jannaschii	MFEQVNQLVKEVTKYILERDGKFKDIFQEIPDKRHFQIDYDSFEMDFDYINAELMPGLKDKPLVRALVKQVHPDTGISTKYGDKFHSIQYRMCQTFVNTIMEYLNKIANLKSYSPYDMLESIRKEVVFKNLVKKDPELGFSISDEVHLAEVGVEWVKFANADWDLPFAPDKTNPFGDLQPEVTQKIKEVVGKQVPYICHQFNVTFVPGSEQVFGKDVFRLKHMQKVQHSLKPVDEKGDIHGTHVAEVTAAVGFFKAGDKLNVKLSRANPSELKQVDFLDHYQTFPGFHYISPKDPKDLIDILLHPETLPKQPFPGDVFYLHSRLLERAAKLSDGVAVLKVGDANPALQKVLDALKATRDFVSARGDVGHMHQDAGSKEQAKNLGDAYVKEWVQKGFVYARIVNHVTLSEEQLEQWVKEAEKQVSGMVQKAQLLAKQPDAMTHPDGMQIKITRQEIGQIVGCSRETVGRILKMLEDQNLISAHGKTIVVYGVKPKGERNVLIFDLGGGTFDVSILTIEDGIFEVKSTAGDTHLGGEDFDQRVMEHFIKGLVKSLKPVYDAKKLRELLSQYDFPGDDTPIVGKDVELLQRVDRILLAARKRQGTTTAGAVSANPKDPWDKGDVFYLHSRLLQRAA	101.4	85	8.7	BRENDA	hyperthermophilic
1.2.1.12	Glyceraldehyde-3-phosphate dehydrogenase	Saccharomyces cerevisiae	MKLVLSLSLVLAFSSATAAFAAAPVNTTTEDETAQIPAEAVIGYSDLEGDFDVAVLPFSNSTNNGLLFINTTIASIAAKEEGVSLDKREAEA	30.3	30	8.1	BRENDA	mesophilic
1.4.1.2	Glutamate dehydrogenase	Escherichia coli	MKKLVLSLSLVLAFSSATAAFAAAPVNTTTEDETAQIPAEAVIGYSDLEGDFDVAVLPFSNSTNNGLLFINTTIASIAAKEEGVSLDKREAEA	41.5	37	6.5	BRENDA	mesophilic
1.6.5.3	NADH dehydrogenase	Thermus thermophilus	MKLVLSLSLVLAFSSATAAFAAAPVNTTTEDETAQIPAEAVIGYSDLEGDFDVAVLPFSNSTNNGLLFINTTIASIAAKEEGVSLDKREAEA	78.4	70	8.7	BRENDA	thermophilic
1.11.1.6	Catalase	Thermococcus litoralis	MFEQVNQLVKEVTKYILERDGKFKDIFQEIPDKRHFQIDYDSFEMDFDYINAELMPGLKDKPLVRALVKQVHPDTGISTKYGDKFHSIQYRMCQTFVNTIMEYLNKIANLKSYSPYDMLESIRKEVVFKNLVKKDPELGFSISDEVHLAEVGVEWVKFANADWDLPFAPDKTNPFGDLQPEVTQKIKEVVGKQVPYICHQFNVTFVPGSEQVFGKDVFRLKHMQKVQHSLKPVDEKGDIHGTHVAEVTAAVGFFKAGDKLNVKLSRANPSELKQVDFLDHYQTFPGFHYISPKDPKDLIDILLHPETLPKQPFPGDVFYLHSRLLERAAKLSDGVAVLKVGDANPALQKVLDALKATRDFVSARGDVGHMHQDAGSKEQAKNLGDAYVKEWVQKGFVYARIVNHVTLSEEQLEQWVKEAEKQVSGMVQKAQLLAKQPDAMTHPDGMQIKITRQEIGQIVGCSRETVGRILKMLEDQNLISAHGKTIVVYGVKPKGERNVLIFDLGGGTFDVSILTIEDGIFEVKSTAGDTHLGGEDFDQRVMEHFIKGLVKSLKPVYDAKKLRELLSQYDFPGDDTPIVGKDVELLQRVDRILLAARKRQGTTTAGAVSANPKDPWDKGDVFYLHSRLLQRAA	101.7	88	8.6	BRENDA	hyperthermophilic
1.15.1.1	Superoxide dismutase	Streptococcus pneumoniae	MSIPETQKGVIFYESHGKLEYKDIPVPKPKANELLINVKYSGVCHTDLHAWHGDWPLPVKLPLVGGHEGAGVVVGMGENVKGWKIGDYAGIKGLNLKLQYEDLKDHDVLLVVGAGPIGLYTLRQAKGVKTLLNVGGDEHGTHVPIYEGYALPHAILRLDLAGRDLTDYLMKILTERGYSFTTTAEREIVRDIKEKLCYVALDFEQEMATAASSSSLEK	33.6	37	5.8	BRENDA	mesophilic
2.1.1.1	Nicotinamide N-methyltransferase	Thermotoga maritima	MFEQVNQLVKEVTKYILERDGKFKDIFQEIPDKRHFQIDYDSFEMDFDYINAELMPGLKDKPLVRALVKQVHPDTGISTKYGDKFHSIQYRMCQTFVNTIMEYLNKIANLKSYSPYDMLESIRKEVVFKNLVKKDPELGFSISDEVHLAEVGVEWVKFANADWDLPFAPDKTNPFGDLQPEVTQKIKEVVGKQVPYICHQFNVTFVPGSEQVFGKDVFRLKHMQKVQHSLKPVDEKGDIHGTHVAEVTAAVGFFKAGDKLNVKLSRANPSELKQVDFLDHYQTFPGFHYISPKDPKDLIDILLHPETLPKQPFPGDVFYLHSRLLERAAKLSDGVAVLKVGDANPALQKVLDALKATRDFVSARGDVGHMHQDAGSKEQAKNLGDAYVKEWVQKGFVYARIVNHVTLSEEQLEQWVKEAEKQVSGMVQKAQLLAKQPDAMTHPDGMQIKITRQEIGQIVGCSRETVGRILKMLEDQNLISAHGKTIVVYGVKPKGERNVLIFDLGGGTFDVSILTIEDGIFEVKSTAGDTHLGGEDFDQRVMEHFIKGLVKSLKPVYDAKKLRELLSQYDFPGDDTPIVGKDVELLQRVDRILLAARKRQGTTTAGAVSANPKDPWDKGDVFYLHSRLLQRAA	93.6	80	5.8	BRENDA	thermophilic
2.3.1.12	Dihydrolipoyllysine-residue acetyltransferase	Methanocaldococcus jannaschii	MKKLVLSLSLVLAFSSATAAFAAAPVNTTTEDETAQIPAEAVIGYSDLEGDFDVAVLPFSNSTNNGLLFINTTIASIAAKEEGVSLDKREAEA	91.8	85	7.1	BRENDA	hyperthermophilic
2.4.1.1	Glycogen phosphorylase	Streptococcus pneumoniae	MSIPETQKGVIFYESHGKLEYKDIPVPKPKANELLINVKYSGVCHTDLHAWHGDWPLPVKLPLVGGHEGAGVVVGMGENVKGWKIGDYAGIKGLNLKLQYEDLKDHDVLLVVGAGPIGLYTLRQAKGVKTLLNVGGDEHGTHVPIYEGYALPHAILRLDLAGRDLTDYLMKILTERGYSFTTTAEREIVRDIKEKLCYVALDFEQEMATAASSSSLEK	48.1	37	7.6	BRENDA	mesophilic
2.6.1.1	Aspartate aminotransferase	Thermotoga maritima	MKKLVLSLSLVLAFSSATAAFAAAPVNTTTEDETAQIPAEAVIGYSDLEGDFDVAVLPFSNSTNNGLLFINTTIASIAAKEEGVSLDKREAEA	85.8	80	6.3	BRENDA	thermophilic
2.6.1.2	Alanine aminotransferase	Bacillus subtilis	MSIPETQKGVIFYESHGKLEYKDIPVPKPKANELLINVKYSGVCHTDLHAWHGDWPLPVKLPLVGGHEGAGVVVGMGENVKGWKIGDYAGIKGLNLKLQYEDLKDHDVLLVVGAGPIGLYTLRQAKGVKTLLNVGGDEHGTHVPIYEGYALPHAILRLDLAGRDLTDYLMKILTERGYSFTTTAEREIVRDIKEKLCYVALDFEQEMATAASSSSLEK	41.4	37	7.9	BRENDA	mesophilic
2.7.1.1	Hexokinase	Geobacillus thermoglucosidasius	MKLVLSLSLVLAFSSATAAFAAAPVNTTTEDETAQIPAEAVIGYSDLEGDFDVAVLPFSNSTNNGLLFINTTIASIAAKEEGVSLDKREAEA	65.5	60	6.6	BRENDA	thermophilic
2.7.1.11	6-phosphofructokinase	Thermococcus litoralis	MKKLVLSLSLVLAFSSATAAFAAAPVNTTTEDETAQIPAEAVIGYSDLEGDFDVAVLPFSNSTNNGLLFINTTIASIAAKEEGVSLDKREAEA	95.5	88	6.3	BRENDA	hyperthermophilic
2.7.2.3	Phosphoglycerate kinase	Saccharomyces cerevisiae	MSIPETQKGVIFYESHGKLEYKDIPVPKPKANELLINVKYSGVCHTDLHAWHGDWPLPVKLPLVGGHEGAGVVVGMGENVKGWKIGDYAGIKGLNLKLQYEDLKDHDVLLVVGAGPIGLYTLRQAKGVKTLLNVGGDEHGTHVPIYEGYALPHAILRLDLAGRDLTDYLMKILTERGYSFTTTAEREIVRDIKEKLCYVALDFEQEMATAASSSSLEK	44.7	30	8.3	BRENDA	mesophilic
3.1.1.1	Carboxylesterase	Methanocaldococcus jannaschii	MKLVLSLSLVLAFSSATAAFAAAPVNTTTEDETAQIPAEAVIGYSDLEGDFDVAVLPFSNSTNNGLLFINTTIASIAAKEEGVSLDKREAEA	97.1	85	7.9	BRENDA	hyperthermophilic
3.1.1.3	Triacylglycerol lipase	Pseudomonas aeruginosa	MKLVLSLSLVLAFSSATAAFAAAPVNTTTEDETAQIPAEAVIGYSDLEGDFDVAVLPFSNSTNNGLLFINTTIASIAAKEEGVSLDKREAEA	27.0	37	7.0	BRENDA	mesophilic
3.1.3.1	Alkaline phosphatase	Streptococcus pneumoniae	MSIPETQKGVIFYESHGKLEYKDIPVPKPKANELLINVKYSGVCHTDLHAWHGDWPLPVKLPLVGGHEGAGVVVGMGENVKGWKIGDYAGIKGLNLKLQYEDLKDHDVLLVVGAGPIGLYTLRQAKGVKTLLNVGGDEHGTHVPIYEGYALPHAILRLDLAGRDLTDYLMKILTERGYSFTTTAEREIVRDIKEKLCYVALDFEQEMATAASSSSLEK	37.1	37	7.4	BRENDA	mesophilic
3.1.3.2	Acid phosphatase	Sulfolobus solfataricus	MKKLVLSLSLVLAFSSATAAFAAAPVNTTTEDETAQIPAEAVIGYSDLEGDFDVAVLPFSNSTNNGLLFINTTIASIAAKEEGVSLDKREAEA	102.4	80	6.7	BRENDA	hyperthermophilic
3.2.1.1	Î±-Amylase	Sulfolobus solfataricus	MKKLVLSLSLVLAFSSATAAFAAAPVNTTTEDETAQIPAEAVIGYSDLEGDFDVAVLPFSNSTNNGLLFINTTIASIAAKEEGVSLDKREAEA	81.7	80	7.2	BRENDA	hyperthermophilic
3.2.1.4	Cellulase	Pyrococcus furiosus	MKKLVLSLSLVLAFSSATAAFAAAPVNTTTEDETAQIPAEAVIGYSDLEGDFDVAVLPFSNSTNNGLLFINTTIASIAAKEEGVSLDKREAEA	109.9	100	7.7	BRENDA	hyperthermophilic
3.2.1.17	Lysozyme	Methanocaldococcus jannaschii	MFEQVNQLVKEVTKYILERDGKFKDIFQEIPDKRHFQIDYDSFEMDFDYINAELMPGLKDKPLVRALVKQVHPDTGISTKYGDKFHSIQYRMCQTFVNTIMEYLNKIANLKSYSPYDMLESIRKEVVFKNLVKKDPELGFSISDEVHLAEVGVEWVKFANADWDLPFAPDKTNPFGDLQPEVTQKIKEVVGKQVPYICHQFNVTFVPGSEQVFGKDVFRLKHMQKVQHSLKPVDEKGDIHGTHVAEVTAAVGFFKAGDKLNVKLSRANPSELKQVDFLDHYQTFPGFHYISPKDPKDLIDILLHPETLPKQPFPGDVFYLHSRLLERAAKLSDGVAVLKVGDANPALQKVLDALKATRDFVSARGDVGHMHQDAGSKEQAKNLGDAYVKEWVQKGFVYARIVNHVTLSEEQLEQWVKEAEKQVSGMVQKAQLLAKQPDAMTHPDGMQIKITRQEIGQIVGCSRETVGRILKMLEDQNLISAHGKTIVVYGVKPKGERNVLIFDLGGGTFDVSILTIEDGIFEVKSTAGDTHLGGEDFDQRVMEHFIKGLVKSLKPVYDAKKLRELLSQYDFPGDDTPIVGKDVELLQRVDRILLAARKRQGTTTAGAVSANPKDPWDKGDVFYLHSRLLQRAA	86.1	85	7.7	BRENDA	hyperthermophilic
3.4.21.1	Chymotrypsin	Thermus thermophilus	MFEQVNQLVKEVTKYILERDGKFKDIFQEIPDKRHFQIDYDSFEMDFDYINAELMPGLKDKPLVRALVKQVHPDTGISTKYGDKFHSIQYRMCQTFVNTIMEYLNKIANLKSYSPYDMLESIRKEVVFKNLVKKDPELGFSISDEVHLAEVGVEWVKFANADWDLPFAPDKTNPFGDLQPEVTQKIKEVVGKQVPYICHQFNVTFVPGSEQVFGKDVFRLKHMQKVQHSLKPVDEKGDIHGTHVAEVTAAVGFFKAGDKLNVKLSRANPSELKQVDFLDHYQTFPGFHYISPKDPKDLIDILLHPETLPKQPFPGDVFYLHSRLLERAAKLSDGVAVLKVGDANPALQKVLDALKATRDFVSARGDVGHMHQDAGSKEQAKNLGDAYVKEWVQKGFVYARIVNHVTLSEEQLEQWVKEAEKQVSGMVQKAQLLAKQPDAMTHPDGMQIKITRQEIGQIVGCSRETVGRILKMLEDQNLISAHGKTIVVYGVKPKGERNVLIFDLGGGTFDVSILTIEDGIFEVKSTAGDTHLGGEDFDQRVMEHFIKGLVKSLKPVYDAKKLRELLSQYDFPGDDTPIVGKDVELLQRVDRILLAARKRQGTTTAGAVSANPKDPWDKGDVFYLHSRLLQRAA	83.2	70	7.5	BRENDA	thermophilic
3.4.21.4	Trypsin	Thermus thermophilus	MKKLVLSLSLVLAFSSATAAFAAAPVNTTTEDETAQIPAEAVIGYSDLEGDFDVAVLPFSNSTNNGLLFINTTIASIAAKEEGVSLDKREAEA	78.4	70	6.7	BRENDA	thermophilic
3.4.23.1	Pepsin A	Caldalkalibacillus thermarum	MKKLVLSLSLVLAFSSATAAFAAAPVNTTTEDETAQIPAEAVIGYSDLEGDFDVAVLPFSNSTNNGLLFINTTIASIAAKEEGVSLDKREAEA	75.7	65	6.3	BRENDA	thermophilic
4.1.1.1	Pyruvate decarboxylase	Methanocaldococcus jannaschii	MFEQVNQLVKEVTKYILERDGKFKDIFQEIPDKRHFQIDYDSFEMDFDYINAELMPGLKDKPLVRALVKQVHPDTGISTKYGDKFHSIQYRMCQTFVNTIMEYLNKIANLKSYSPYDMLESIRKEVVFKNLVKKDPELGFSISDEVHLAEVGVEWVKFANADWDLPFAPDKTNPFGDLQPEVTQKIKEVVGKQVPYICHQFNVTFVPGSEQVFGKDVFRLKHMQKVQHSLKPVDEKGDIHGTHVAEVTAAVGFFKAGDKLNVKLSRANPSELKQVDFLDHYQTFPGFHYISPKDPKDLIDILLHPETLPKQPFPGDVFYLHSRLLERAAKLSDGVAVLKVGDANPALQKVLDALKATRDFVSARGDVGHMHQDAGSKEQAKNLGDAYVKEWVQKGFVYARIVNHVTLSEEQLEQWVKEAEKQVSGMVQKAQLLAKQPDAMTHPDGMQIKITRQEIGQIVGCSRETVGRILKMLEDQNLISAHGKTIVVYGVKPKGERNVLIFDLGGGTFDVSILTIEDGIFEVKSTAGDTHLGGEDFDQRVMEHFIKGLVKSLKPVYDAKKLRELLSQYDFPGDDTPIVGKDVELLQRVDRILLAARKRQGTTTAGAVSANPKDPWDKGDVFYLHSRLLQRAA	105.2	85	7.0	BRENDA	hyperthermophilic
4.1.1.31	Phosphoenolpyruvate carboxykinase	Sulfolobus solfataricus	MFEQVNQLVKEVTKYILERDGKFKDIFQEIPDKRHFQIDYDSFEMDFDYINAELMPGLKDKPLVRALVKQVHPDTGISTKYGDKFHSIQYRMCQTFVNTIMEYLNKIANLKSYSPYDMLESIRKEVVFKNLVKKDPELGFSISDEVHLAEVGVEWVKFANADWDLPFAPDKTNPFGDLQPEVTQKIKEVVGKQVPYICHQFNVTFVPGSEQVFGKDVFRLKHMQKVQHSLKPVDEKGDIHGTHVAEVTAAVGFFKAGDKLNVKLSRANPSELKQVDFLDHYQTFPGFHYISPKDPKDLIDILLHPETLPKQPFPGDVFYLHSRLLERAAKLSDGVAVLKVGDANPALQKVLDALKATRDFVSARGDVGHMHQDAGSKEQAKNLGDAYVKEWVQKGFVYARIVNHVTLSEEQLEQWVKEAEKQVSGMVQKAQLLAKQPDAMTHPDGMQIKITRQEIGQIVGCSRETVGRILKMLEDQNLISAHGKTIVVYGVKPKGERNVLIFDLGGGTFDVSILTIEDGIFEVKSTAGDTHLGGEDFDQRVMEHFIKGLVKSLKPVYDAKKLRELLSQYDFPGDDTPIVGKDVELLQRVDRILLAARKRQGTTTAGAVSANPKDPWDKGDVFYLHSRLLQRAA	83.0	80	8.1	BRENDA	hyperthermophilic
4.1.2.13	Fructose-bisphosphate aldolase	Bacillus subtilis	MSIPETQKGVIFYESHGKLEYKDIPVPKPKANELLINVKYSGVCHTDLHAWHGDWPLPVKLPLVGGHEGAGVVVGMGENVKGWKIGDYAGIKGLNLKLQYEDLKDHDVLLVVGAGPIGLYTLRQAKGVKTLLNVGGDEHGTHVPIYEGYALPHAILRLDLAGRDLTDYLMKILTERGYSFTTTAEREIVRDIKEKLCYVALDFEQEMATAASSSSLEK	42.4	37	8.6	BRENDA	mesophilic
4.2.1.1	Carbonic anhydrase	Saccharomyces cerevisiae	MKLVLSLSLVLAFSSATAAFAAAPVNTTTEDETAQIPAEAVIGYSDLEGDFDVAVLPFSNSTNNGLLFINTTIASIAAKEEGVSLDKREAEA	24.8	30	6.2	BRENDA	mesophilic
4.2.1.2	Fumarate hydratase	Methanocaldococcus jannaschii	MKKLVLSLSLVLAFSSATAAFAAAPVNTTTEDETAQIPAEAVIGYSDLEGDFDVAVLPFSNSTNNGLLFINTTIASIAAKEEGVSLDKREAEA	109.0	85	8.6	BRENDA	hyperthermophilic
4.2.1.3	Aconitase	Thermotoga maritima	MKLVLSLSLVLAFSSATAAFAAAPVNTTTEDETAQIPAEAVIGYSDLEGDFDVAVLPFSNSTNNGLLFINTTIASIAAKEEGVSLDKREAEA	83.5	80	8.3	BRENDA	thermophilic
5.1.3.3	Ribulose-phosphate 3-epimerase	Methanocaldococcus jannaschii	MKKLVLSLSLVLAFSSATAAFAAAPVNTTTEDETAQIPAEAVIGYSDLEGDFDVAVLPFSNSTNNGLLFINTTIASIAAKEEGVSLDKREAEA	103.6	85	7.1	BRENDA	hyperthermophilic
5.3.1.1	Triose-phosphate isomerase	Escherichia coli	MKKLVLSLSLVLAFSSATAAFAAAPVNTTTEDETAQIPAEAVIGYSDLEGDFDVAVLPFSNSTNNGLLFINTTIASIAAKEEGVSLDKREAEA	31.0	37	5.5	BRENDA	mesophilic
5.3.1.6	Ribose-5-phosphate isomerase	Escherichia coli	MSIPETQKGVIFYESHGKLEYKDIPVPKPKANELLINVKYSGVCHTDLHAWHGDWPLPVKLPLVGGHEGAGVVVGMGENVKGWKIGDYAGIKGLNLKLQYEDLKDHDVLLVVGAGPIGLYTLRQAKGVKTLLNVGGDEHGTHVPIYEGYALPHAILRLDLAGRDLTDYLMKILTERGYSFTTTAEREIVRDIKEKLCYVALDFEQEMATAASSSSLEK	46.2	37	6.0	BRENDA	mesophilic
5.3.1.9	Glucose-6-phosphate isomerase	Geobacillus thermoglucosidasius	MFEQVNQLVKEVTKYILERDGKFKDIFQEIPDKRHFQIDYDSFEMDFDYINAELMPGLKDKPLVRALVKQVHPDTGISTKYGDKFHSIQYRMCQTFVNTIMEYLNKIANLKSYSPYDMLESIRKEVVFKNLVKKDPELGFSISDEVHLAEVGVEWVKFANADWDLPFAPDKTNPFGDLQPEVTQKIKEVVGKQVPYICHQFNVTFVPGSEQVFGKDVFRLKHMQKVQHSLKPVDEKGDIHGTHVAEVTAAVGFFKAGDKLNVKLSRANPSELKQVDFLDHYQTFPGFHYISPKDPKDLIDILLHPETLPKQPFPGDVFYLHSRLLERAAKLSDGVAVLKVGDANPALQKVLDALKATRDFVSARGDVGHMHQDAGSKEQAKNLGDAYVKEWVQKGFVYARIVNHVTLSEEQLEQWVKEAEKQVSGMVQKAQLLAKQPDAMTHPDGMQIKITRQEIGQIVGCSRETVGRILKMLEDQNLISAHGKTIVVYGVKPKGERNVLIFDLGGGTFDVSILTIEDGIFEVKSTAGDTHLGGEDFDQRVMEHFIKGLVKSLKPVYDAKKLRELLSQYDFPGDDTPIVGKDVELLQRVDRILLAARKRQGTTTAGAVSANPKDPWDKGDVFYLHSRLLQRAA	73.1	60	8.3	BRENDA	thermophilic
5.4.2.1	Phosphoglucomutase	Saccharomyces cerevisiae	MSIPETQKGVIFYESHGKLEYKDIPVPKPKANELLINVKYSGVCHTDLHAWHGDWPLPVKLPLVGGHEGAGVVVGMGENVKGWKIGDYAGIKGLNLKLQYEDLKDHDVLLVVGAGPIGLYTLRQAKGVKTLLNVGGDEHGTHVPIYEGYALPHAILRLDLAGRDLTDYLMKILTERGYSFTTTAEREIVRDIKEKLCYVALDFEQEMATAASSSSLEK	28.0	30	8.9	BRENDA	mesophilic
6.1.1.1	Tyrosine--tRNA ligase	Pseudomonas aeruginosa	MKLVLSLSLVLAFSSATAAFAAAPVNTTTEDETAQIPAEAVIGYSDLEGDFDVAVLPFSNSTNNGLLFINTTIASIAAKEEGVSLDKREAEA	27.6	37	8.1	BRENDA	mesophilic
6.2.1.1	Acetate--CoA ligase	Geobacillus thermoglucosidasius	MKKLVLSLSLVLAFSSATAAFAAAPVNTTTEDETAQIPAEAVIGYSDLEGDFDVAVLPFSNSTNNGLLFINTTIASIAAKEEGVSLDKREAEA	69.8	60	5.8	BRENDA	thermophilic
6.3.1.2	Glutamine synthetase	Archaeoglobus fulgidus	MFEQVNQLVKEVTKYILERDGKFKDIFQEIPDKRHFQIDYDSFEMDFDYINAELMPGLKDKPLVRALVKQVHPDTGISTKYGDKFHSIQYRMCQTFVNTIMEYLNKIANLKSYSPYDMLESIRKEVVFKNLVKKDPELGFSISDEVHLAEVGVEWVKFANADWDLPFAPDKTNPFGDLQPEVTQKIKEVVGKQVPYICHQFNVTFVPGSEQVFGKDVFRLKHMQKVQHSLKPVDEKGDIHGTHVAEVTAAVGFFKAGDKLNVKLSRANPSELKQVDFLDHYQTFPGFHYISPKDPKDLIDILLHPETLPKQPFPGDVFYLHSRLLERAAKLSDGVAVLKVGDANPALQKVLDALKATRDFVSARGDVGHMHQDAGSKEQAKNLGDAYVKEWVQKGFVYARIVNHVTLSEEQLEQWVKEAEKQVSGMVQKAQLLAKQPDAMTHPDGMQIKITRQEIGQIVGCSRETVGRILKMLEDQNLISAHGKTIVVYGVKPKGERNVLIFDLGGGTFDVSILTIEDGIFEVKSTAGDTHLGGEDFDQRVMEHFIKGLVKSLKPVYDAKKLRELLSQYDFPGDDTPIVGKDVELLQRVDRILLAARKRQGTTTAGAVSANPKDPWDKGDVFYLHSRLLQRAA	88.7	83	6.0	BRENDA	hyperthermophilic
6.4.1.1	Pyruvate carboxylase	Thermococcus litoralis	MFEQVNQLVKEVTKYILERDGKFKDIFQEIPDKRHFQIDYDSFEMDFDYINAELMPGLKDKPLVRALVKQVHPDTGISTKYGDKFHSIQYRMCQTFVNTIMEYLNKIANLKSYSPYDMLESIRKEVVFKNLVKKDPELGFSISDEVHLAEVGVEWVKFANADWDLPFAPDKTNPFGDLQPEVTQKIKEVVGKQVPYICHQFNVTFVPGSEQVFGKDVFRLKHMQKVQHSLKPVDEKGDIHGTHVAEVTAAVGFFKAGDKLNVKLSRANPSELKQVDFLDHYQTFPGFHYISPKDPKDLIDILLHPETLPKQPFPGDVFYLHSRLLERAAKLSDGVAVLKVGDANPALQKVLDALKATRDFVSARGDVGHMHQDAGSKEQAKNLGDAYVKEWVQKGFVYARIVNHVTLSEEQLEQWVKEAEKQVSGMVQKAQLLAKQPDAMTHPDGMQIKITRQEIGQIVGCSRETVGRILKMLEDQNLISAHGKTIVVYGVKPKGERNVLIFDLGGGTFDVSILTIEDGIFEVKSTAGDTHLGGEDFDQRVMEHFIKGLVKSLKPVYDAKKLRELLSQYDFPGDDTPIVGKDVELLQRVDRILLAARKRQGTTTAGAVSANPKDPWDKGDVFYLHSRLLQRAA	108.8	88	8.1	BRENDA	hyperthermophilic
